<?xml version="1.0" encoding="utf-8" standalone="yes"?>
<StaffRunebook Version="110">
	<RuneAccount Username="Jonathan">
		<Runebook Name="Felucca">
			<Runebook Name="Factions">
				<Runebook Name="Towns">
					<Rune Name="Britain" TargetMap="Felucca" X="1592" Y="1680" Z="10" />
					<Rune Name="Magincia" TargetMap="Felucca" X="3714" Y="2235" Z="20" />
					<Rune Name="Minoc" TargetMap="Felucca" X="2471" Y="439" Z="15" />
					<Rune Name="Moonglow" TargetMap="Felucca" X="4436" Y="1083" Z="0" />
					<Rune Name="Skara Brae" TargetMap="Felucca" X="576" Y="2200" Z="0" />
					<Rune Name="Trinsic" TargetMap="Felucca" X="1914" Y="2717" Z="20" />
					<Rune Name="Vesper" TargetMap="Felucca" X="2982" Y="818" Z="0" />
					<Rune Name="Yew" TargetMap="Felucca" X="548" Y="979" Z="0" />
				</Runebook>
				<Rune Name="Council of Mages" TargetMap="Felucca" X="3750" Y="2241" Z="20" />
				<Rune Name="Minax" TargetMap="Felucca" X="1172" Y="2593" Z="0" />
				<Rune Name="Shadowlords" TargetMap="Felucca" X="969" Y="768" Z="0" />
				<Rune Name="True Britannians" TargetMap="Felucca" X="1419" Y="1622" Z="20" />
			</Runebook>
			<Runebook Name="Dungeons">
				<Runebook Name="Blighted Grove">
					<Rune Name="Entrance" TargetMap="Felucca" X="586" Y="1643" Z="-5" />
				</Runebook>
				<Runebook Name="Covetous">
					<Rune Name="Entrance" TargetMap="Felucca" X="2499" Y="919" Z="0" />
					<Rune Name="Level 1" TargetMap="Felucca" X="5456" Y="1863" Z="0" />
					<Rune Name="Level 2" TargetMap="Felucca" X="5614" Y="1997" Z="0" />
					<Rune Name="Level 3" TargetMap="Felucca" X="5579" Y="1924" Z="0" />
					<Rune Name="Lake Cave" TargetMap="Felucca" X="5467" Y="1805" Z="7" />
					<Rune Name="Torture Chambers" TargetMap="Felucca" X="5552" Y="1807" Z="0" />
				</Runebook>
				<Runebook Name="Deceit">
					<Rune Name="Entrance" TargetMap="Felucca" X="4111" Y="432" Z="5" />
					<Rune Name="Level 1" TargetMap="Felucca" X="5188" Y="638" Z="0" />
					<Rune Name="Level 2" TargetMap="Felucca" X="5305" Y="533" Z="2" />
					<Rune Name="Level 3" TargetMap="Felucca" X="5137" Y="650" Z="5" />
					<Rune Name="Level 4" TargetMap="Felucca" X="5306" Y="652" Z="2" />
				</Runebook>
				<Runebook Name="Despise">
					<Rune Name="Entrance" TargetMap="Felucca" X="1298" Y="1080" Z="0" />
					<Rune Name="Entryway" TargetMap="Felucca" X="5587" Y="631" Z="30" />
					<Rune Name="Level 1" TargetMap="Felucca" X="5501" Y="570" Z="59" />
					<Rune Name="Level 2" TargetMap="Felucca" X="5519" Y="673" Z="20" />
					<Rune Name="Level 3" TargetMap="Felucca" X="5407" Y="859" Z="45" />
				</Runebook>
				<Runebook Name="Destard">
					<Rune Name="Entrance" TargetMap="Felucca" X="1176" Y="2637" Z="0" />
					<Rune Name="Level 1" TargetMap="Felucca" X="5243" Y="1006" Z="0" />
					<Rune Name="Level 2" TargetMap="Felucca" X="5143" Y="801" Z="4" />
					<Rune Name="Level 3" TargetMap="Felucca" X="5137" Y="986" Z="5" />
				</Runebook>
				<Runebook Name="Hythloth">
					<Rune Name="Entrance" TargetMap="Felucca" X="4721" Y="3822" Z="0" />
					<Rune Name="Level 1" TargetMap="Felucca" X="5905" Y="20" Z="46" />
					<Rune Name="Level 2" TargetMap="Felucca" X="5976" Y="169" Z="0" />
					<Rune Name="Level 3" TargetMap="Felucca" X="6083" Y="145" Z="-20" />
					<Rune Name="Level 4" TargetMap="Felucca" X="6059" Y="89" Z="24" />
				</Runebook>
				<Runebook Name="Shame">
					<Rune Name="Entrance" TargetMap="Felucca" X="514" Y="1561" Z="0" />
					<Rune Name="Level 1" TargetMap="Felucca" X="5395" Y="126" Z="0" />
					<Rune Name="Level 2" TargetMap="Felucca" X="5515" Y="11" Z="5" />
					<Rune Name="Level 3" TargetMap="Felucca" X="5514" Y="148" Z="25" />
					<Rune Name="Level 4" TargetMap="Felucca" X="5875" Y="20" Z="-5" />
				</Runebook>
				<Runebook Name="Wrong">
					<Rune Name="Entrance" TargetMap="Felucca" X="2043" Y="238" Z="10" />
					<Rune Name="Level 1" TargetMap="Felucca" X="5825" Y="630" Z="0" />
					<Rune Name="Level 2" TargetMap="Felucca" X="5690" Y="569" Z="25" />
					<Rune Name="Level 3" TargetMap="Felucca" X="5703" Y="639" Z="0" />
				</Runebook>
				<Runebook Name="Miscellaneous">
					<Rune Name="Hyloth Fire Pit" TargetMap="Felucca" X="4596" Y="3630" Z="30" />
					<Rune Name="Yew-Britain Brigand Camp" TargetMap="Felucca" X="885" Y="1682" Z="0" />
					<Rune Name="Yew Fort of the Damned" TargetMap="Felucca" X="972" Y="768" Z="0" />
				</Runebook>
				<Runebook Name="Terathan Keep">
					<Rune Name="Entrance" TargetMap="Felucca" X="5451" Y="3143" Z="-60" />
					<Rune Name="Level 1" TargetMap="Felucca" X="5342" Y="1601" Z="0" />
					<Rune Name="Champion Room" TargetMap="Felucca" X="5205" Y="1585" Z="0" />
					<Rune Name="Starroom" TargetMap="Felucca" X="5139" Y="1767" Z="0" />
				</Runebook>
				<Runebook Name="Fire">
					<Rune Name="Entrance" TargetMap="Felucca" X="5760" Y="2908" Z="15" />
					<Rune Name="Brit Entrance" TargetMap="Felucca" X="2923" Y="3407" Z="8" />
					<Rune Name="Level 1" TargetMap="Felucca" X="5790" Y="1416" Z="40" />
					<Rune Name="Level 2" TargetMap="Felucca" X="5702" Y="1316" Z="1" />
				</Runebook>
				<Runebook Name="Ice">
					<Rune Name="Entrance" TargetMap="Felucca" X="5210" Y="2322" Z="30" />
					<Rune Name="Brit Entrance" TargetMap="Felucca" X="1999" Y="81" Z="4" />
					<Rune Name="Level 1" TargetMap="Felucca" X="5875" Y="150" Z="15" />
					<Rune Name="Ratman Room" TargetMap="Felucca" X="5834" Y="327" Z="18" />
					<Rune Name="Ice Demon Lair" TargetMap="Felucca" X="5700" Y="305" Z="0" />
				</Runebook>
				<Runebook Name="Orc Cave">
					<Rune Name="Entrance" TargetMap="Felucca" X="1019" Y="1431" Z="0" />
					<Rune Name="Level 1" TargetMap="Felucca" X="5137" Y="2014" Z="0" />
					<Rune Name="Level 2" TargetMap="Felucca" X="5332" Y="1376" Z="0" />
					<Rune Name="Level 3" TargetMap="Felucca" X="5272" Y="2036" Z="0" />
				</Runebook>
				<Runebook Name="Painted Caves">
					<Rune Name="Entrance" TargetMap="Felucca" X="1716" Y="2993" Z="0" />
				</Runebook>
				<Runebook Name="Palace of Paroxysmus">
					<Rune Name="Entrance" TargetMap="Felucca" X="5576" Y="3018" Z="25" />
				</Runebook>
				<Runebook Name="Prism of Light">
					<Rune Name="Entrance" TargetMap="Felucca" X="3784" Y="1097" Z="14" />
				</Runebook>
				<Runebook Name="Sanctuary">
					<Rune Name="Entrance" TargetMap="Felucca" X="764" Y="1646" Z="0" />
				</Runebook>
				<Runebook Name="Solen Hives">
					<Runebook Name="Area A">
						<Rune Name="Entrance" TargetMap="Felucca" X="729" Y="1451" Z="0" />
						<Rune Name="Level 1" TargetMap="Felucca" X="5658" Y="1795" Z="3" />
						<Rune Name="Level 2" TargetMap="Felucca" X="5726" Y="1891" Z="1" />
					</Runebook>
					<Runebook Name="Area B">
						<Rune Name="Entrance" TargetMap="Felucca" X="2607" Y="763" Z="0" />
						<Rune Name="Level 1" TargetMap="Felucca" X="5921" Y="1797" Z="1" />
						<Rune Name="Level 2" TargetMap="Felucca" X="5875" Y="1866" Z="2" />
					</Runebook>
					<Runebook Name="Area C">
						<Rune Name="Entrance" TargetMap="Felucca" X="1689" Y="2789" Z="0" />
						<Rune Name="Level 1" TargetMap="Felucca" X="5659" Y="2022" Z="0" />
						<Rune Name="Level 2" TargetMap="Felucca" X="5708" Y="1955" Z="0" />
					</Runebook>
					<Runebook Name="Area D">
						<Rune Name="Entrance" TargetMap="Felucca" X="1723" Y="814" Z="0" />
						<Rune Name="Level 1" TargetMap="Felucca" X="5916" Y="2019" Z="3" />
						<Rune Name="Level 2" TargetMap="Felucca" X="5813" Y="2012" Z="-1" />
					</Runebook>
					<Runebook Name="Area E">
						<Rune Name="Entrance" TargetMap="Felucca" X="5732" Y="1858" Z="0" />
					</Runebook>
					<Rune Name="Central Area" TargetMap="Felucca" X="5774" Y="1896" Z="20" />
				</Runebook>
				<Runebook Name="Khaldun">
					<Rune Name="Entrance 1" TargetMap="Felucca" X="6009" Y="3775" Z="19" />
					<Rune Name="Entrance 2" TargetMap="Felucca" X="5882" Y="3819" Z="-1" />
					<Rune Name="Level 1" TargetMap="Felucca" X="5571" Y="1302" Z="0" />
				</Runebook>
			</Runebook>
			<Runebook Name="Internal">
				<Runebook Name="Jail Cells">
					<Rune Name="Cell 1" TargetMap="Felucca" X="5276" Y="1164" Z="0" />
					<Rune Name="Cell 2" TargetMap="Felucca" X="5286" Y="1164" Z="0" />
					<Rune Name="Cell 3" TargetMap="Felucca" X="5296" Y="1164" Z="0" />
					<Rune Name="Cell 4" TargetMap="Felucca" X="5306" Y="1164" Z="0" />
					<Rune Name="Cell 5" TargetMap="Felucca" X="5276" Y="1174" Z="0" />
					<Rune Name="Cell 6" TargetMap="Felucca" X="5286" Y="1174" Z="0" />
					<Rune Name="Cell 7" TargetMap="Felucca" X="5286" Y="1174" Z="0" />
					<Rune Name="Cell 8" TargetMap="Felucca" X="5306" Y="1174" Z="0" />
					<Rune Name="Cell 9" TargetMap="Felucca" X="5283" Y="1184" Z="0" />
					<Rune Name="Cell 10" TargetMap="Felucca" X="5304" Y="1184" Z="0" />
				</Runebook>
				<Rune Name="Green Acres" TargetMap="Felucca" X="5445" Y="1153" Z="0" />
			</Runebook>
			<Runebook Name="Shrines">
				<Rune Name="Chaos" TargetMap="Felucca" X="1456" Y="854" Z="0" />
				<Rune Name="Compassion" TargetMap="Felucca" X="1856" Y="872" Z="-1" />
				<Rune Name="Honesty" TargetMap="Felucca" X="4217" Y="564" Z="36" />
				<Rune Name="Honor" TargetMap="Felucca" X="1730" Y="3528" Z="3" />
				<Rune Name="Humility" TargetMap="Felucca" X="4276" Y="3699" Z="0" />
				<Rune Name="Justice" TargetMap="Felucca" X="1301" Y="639" Z="16" />
				<Rune Name="Sacrifice" TargetMap="Felucca" X="3355" Y="299" Z="9" />
				<Rune Name="Spirituality" TargetMap="Felucca" X="1589" Y="2485" Z="5" />
				<Rune Name="Valor" TargetMap="Felucca" X="2496" Y="3932" Z="0" />
			</Runebook>
			<Runebook Name="Towns">
				<Runebook Name="Britain">
					<Rune Name="Blackthorn Castle" TargetMap="Felucca" X="1533" Y="1415" Z="56" />
					<Rune Name="Blackthorn Entrance" TargetMap="Felucca" X="1523" Y="1456" Z="15" />
					<Rune Name="British Castle" TargetMap="Felucca" X="1323" Y="1624" Z="55" />
					<Rune Name="British Entrance" TargetMap="Felucca" X="1401" Y="1625" Z="28" />
					<Rune Name="Cemetery" TargetMap="Felucca" X="1384" Y="1497" Z="10" />
					<Rune Name="Center" TargetMap="Felucca" X="1475" Y="1645" Z="20" />
					<Rune Name="Farmlands" TargetMap="Felucca" X="1228" Y="1705" Z="0" />
					<Rune Name="Park" TargetMap="Felucca" X="1614" Y="1641" Z="35" />
					<Rune Name="Suburbs" TargetMap="Felucca" X="1662" Y="1572" Z="5" />
				</Runebook>
				<Runebook Name="Buccaneers Den">
					<Rune Name="Bathhouse" TargetMap="Felucca" X="2667" Y="2084" Z="5" />
					<Rune Name="Docks" TargetMap="Felucca" X="2736" Y="2166" Z="0" />
					<Rune Name="Tunnels" TargetMap="Felucca" X="2667" Y="2069" Z="-20" />
				</Runebook>
				<Runebook Name="Cove">
					<Rune Name="Cemetery" TargetMap="Felucca" X="2443" Y="1123" Z="5" />
					<Rune Name="Gates" TargetMap="Felucca" X="2285" Y="1209" Z="0" />
					<Rune Name="Guard Post" TargetMap="Felucca" X="2218" Y="1116" Z="19" />
					<Rune Name="Orc Fort" TargetMap="Felucca" X="2171" Y="1332" Z="0" />
				</Runebook>
				<Runebook Name="Jhelom">
					<Rune Name="Cemetery" TargetMap="Felucca" X="1296" Y="3719" Z="0" />
					<Rune Name="East Docks" TargetMap="Felucca" X="1492" Y="3696" Z="-3" />
					<Rune Name="Fighting Pit" TargetMap="Felucca" X="1398" Y="3742" Z="-21" />
					<Rune Name="Main Island" TargetMap="Felucca" X="1414" Y="3816" Z="0" />
					<Rune Name="Medium Island" TargetMap="Felucca" X="1124" Y="3623" Z="5" />
					<Rune Name="Small Island" TargetMap="Felucca" X="1466" Y="4015" Z="5" />
				</Runebook>
				<Runebook Name="Magincia">
					<Rune Name="Bank" TargetMap="Felucca" X="3730" Y="2161" Z="20" />
					<Rune Name="Docks" TargetMap="Felucca" X="3675" Y="2259" Z="20" />
					<Rune Name="Park" TargetMap="Felucca" X="3719" Y="2063" Z="25" />
					<Rune Name="Parliament" TargetMap="Felucca" X="3792" Y="2248" Z="20" />
				</Runebook>
				<Runebook Name="Minoc">
					<Rune Name="Bridge" TargetMap="Felucca" X="2539" Y="501" Z="30" />
					<Rune Name="Gypsy Camp" TargetMap="Felucca" X="2540" Y="651" Z="0" />
					<Rune Name="Mining Camp" TargetMap="Felucca" X="2583" Y="528" Z="15" />
					<Rune Name="North" TargetMap="Felucca" X="2475" Y="417" Z="15" />
					<Rune Name="South" TargetMap="Felucca" X="2526" Y="583" Z="0" />
				</Runebook>
				<Runebook Name="Moonglow">
					<Rune Name="Cemetery" TargetMap="Felucca" X="4546" Y="1338" Z="8" />
					<Rune Name="Center" TargetMap="Felucca" X="4442" Y="1122" Z="5" />
					<Rune Name="Docks" TargetMap="Felucca" X="4406" Y="1045" Z="-2" />
					<Rune Name="Telescope" TargetMap="Felucca" X="4707" Y="1124" Z="0" />
					<Rune Name="Zoo" TargetMap="Felucca" X="4549" Y="1378" Z="8" />
				</Runebook>
				<Runebook Name="Nujel'm">
					<Rune Name="Cemetery" TargetMap="Felucca" X="3536" Y="1156" Z="20" />
					<Rune Name="Chess Board" TargetMap="Felucca" X="3728" Y="1360" Z="5" />
					<Rune Name="Docks" TargetMap="Felucca" X="3803" Y="1279" Z="5" />
					<Rune Name="East" TargetMap="Felucca" X="3755" Y="1227" Z="0" />
					<Rune Name="North" TargetMap="Felucca" X="3668" Y="1116" Z="0" />
					<Rune Name="Palace" TargetMap="Felucca" X="3698" Y="1279" Z="20" />
					<Rune Name="West" TargetMap="Felucca" X="3572" Y="1211" Z="0" />
				</Runebook>
				<Runebook Name="Ocllo">
					<Rune Name="Docks" TargetMap="Felucca" X="3650" Y="2653" Z="0" />
					<Rune Name="Farmlands" TargetMap="Felucca" X="3722" Y="2647" Z="20" />
					<Rune Name="North" TargetMap="Felucca" X="3650" Y="2516" Z="0" />
				</Runebook>
				<Runebook Name="Serpents Hold">
					<Rune Name="North" TargetMap="Felucca" X="3023" Y="3417" Z="15" />
					<Rune Name="South" TargetMap="Felucca" X="2906" Y="3505" Z="10" />
					<Rune Name="Guard Post" TargetMap="Felucca" X="3011" Y="3526" Z="15" />
				</Runebook>
				<Runebook Name="Skara Brae">
					<Rune Name="East" TargetMap="Felucca" X="811" Y="2243" Z="0" />
					<Rune Name="East Docks" TargetMap="Felucca" X="716" Y="2233" Z="-3" />
					<Rune Name="North" TargetMap="Felucca" X="746" Y="2165" Z="0" />
					<Rune Name="South" TargetMap="Felucca" X="899" Y="2381" Z="0" />
					<Rune Name="West" TargetMap="Felucca" X="601" Y="2171" Z="0" />
					<Rune Name="West Docks" TargetMap="Felucca" X="639" Y="2236" Z="-3" />
				</Runebook>
				<Runebook Name="Trinsic">
					<Rune Name="Center" TargetMap="Felucca" X="1927" Y="2779" Z="0" />
					<Rune Name="East Docks" TargetMap="Felucca" X="2071" Y="2855" Z="-3" />
					<Rune Name="Island Park" TargetMap="Felucca" X="2108" Y="2793" Z="2" />
					<Rune Name="North" TargetMap="Felucca" X="1894" Y="2666" Z="0" />
					<Rune Name="South" TargetMap="Felucca" X="1891" Y="2850" Z="20" />
					<Rune Name="South Gate" TargetMap="Felucca" X="2000" Y="2930" Z="0" />
					<Rune Name="West Gate" TargetMap="Felucca" X="1832" Y="2779" Z="0" />
				</Runebook>
				<Runebook Name="Vesper">
					<Rune Name="Cemetery" TargetMap="Felucca" X="2786" Y="867" Z="0" />
					<Rune Name="Center" TargetMap="Felucca" X="2882" Y="788" Z="0" />
					<Rune Name="Docks" TargetMap="Felucca" X="3013" Y="828" Z="-3" />
					<Rune Name="East" TargetMap="Felucca" X="2760" Y="981" Z="0" />
					<Rune Name="North" TargetMap="Felucca" X="2907" Y="603" Z="0" />
				</Runebook>
				<Runebook Name="Wind">
					<Rune Name="Caves" TargetMap="Felucca" X="5166" Y="244" Z="15" />
					<Rune Name="East" TargetMap="Felucca" X="5336" Y="88" Z="15" />
					<Rune Name="Entrance" TargetMap="Felucca" X="1362" Y="896" Z="0" />
					<Rune Name="Park" TargetMap="Felucca" X="5211" Y="22" Z="15" />
					<Rune Name="South" TargetMap="Felucca" X="5223" Y="189" Z="5" />
					<Rune Name="West" TargetMap="Felucca" X="5180" Y="90" Z="25" />
				</Runebook>
				<Runebook Name="Yew">
					<Rune Name="Cemetery" TargetMap="Felucca" X="724" Y="1138" Z="0" />
					<Rune Name="Center" TargetMap="Felucca" X="535" Y="992" Z="0" />
					<Rune Name="Courts and Prisons" TargetMap="Felucca" X="354" Y="836" Z="20" />
					<Rune Name="Empath Abbey" TargetMap="Felucca" X="635" Y="860" Z="0" />
					<Rune Name="Hidden Cave" TargetMap="Felucca" X="313" Y="787" Z="-24" />
					<Rune Name="Orc Fort" TargetMap="Felucca" X="633" Y="1499" Z="0" />
				</Runebook>
				<Runebook Name="Delucia">
					<Rune Name="Watch Tower" TargetMap="Felucca" X="5276" Y="3945" Z="37" />
					<Rune Name="Center" TargetMap="Felucca" X="5228" Y="3978" Z="37" />
					<Rune Name="Orc Fort" TargetMap="Felucca" X="5210" Y="3636" Z="3" />
				</Runebook>
				<Runebook Name="Papua">
					<Rune Name="The Just Inn" TargetMap="Felucca" X="5769" Y="3176" Z="0" />
					<Rune Name="Center" TargetMap="Felucca" X="5730" Y="3208" Z="-4" />
					<Rune Name="Docks" TargetMap="Felucca" X="5825" Y="3256" Z="2" />
				</Runebook>
			</Runebook>
		</Runebook>
		<Runebook Name="Trammel">
			<Runebook Name="Dungeons">
				<Runebook Name="Blighted Grove">
					<Rune Name="Entrance" TargetMap="Trammel" X="586" Y="1643" Z="-5" />
				</Runebook>
				<Runebook Name="Covetous">
					<Rune Name="Entrance" TargetMap="Trammel" X="2499" Y="919" Z="0" />
					<Rune Name="Level 1" TargetMap="Trammel" X="5456" Y="1863" Z="0" />
					<Rune Name="Level 2" TargetMap="Trammel" X="5614" Y="1997" Z="0" />
					<Rune Name="Level 3" TargetMap="Trammel" X="5579" Y="1924" Z="0" />
					<Rune Name="Lake Cave" TargetMap="Trammel" X="5467" Y="1805" Z="7" />
					<Rune Name="Torture Chambers" TargetMap="Trammel" X="5552" Y="1807" Z="0" />
				</Runebook>
				<Runebook Name="Deceit">
					<Rune Name="Entrance" TargetMap="Trammel" X="4111" Y="432" Z="5" />
					<Rune Name="Level 1" TargetMap="Trammel" X="5188" Y="638" Z="0" />
					<Rune Name="Level 2" TargetMap="Trammel" X="5305" Y="533" Z="2" />
					<Rune Name="Level 3" TargetMap="Trammel" X="5137" Y="650" Z="5" />
					<Rune Name="Level 4" TargetMap="Trammel" X="5306" Y="652" Z="2" />
				</Runebook>
				<Runebook Name="Despise">
					<Rune Name="Entrance" TargetMap="Trammel" X="1298" Y="1080" Z="0" />
					<Rune Name="Entryway" TargetMap="Trammel" X="5587" Y="631" Z="30" />
					<Rune Name="Level 1" TargetMap="Trammel" X="5501" Y="570" Z="59" />
					<Rune Name="Level 2" TargetMap="Trammel" X="5519" Y="673" Z="20" />
					<Rune Name="Level 3" TargetMap="Trammel" X="5407" Y="859" Z="45" />
				</Runebook>
				<Runebook Name="Destard">
					<Rune Name="Entrance" TargetMap="Trammel" X="1176" Y="2637" Z="0" />
					<Rune Name="Level 1" TargetMap="Trammel" X="5243" Y="1006" Z="0" />
					<Rune Name="Level 2" TargetMap="Trammel" X="5143" Y="801" Z="4" />
					<Rune Name="Level 3" TargetMap="Trammel" X="5137" Y="986" Z="5" />
				</Runebook>
				<Runebook Name="Hythloth">
					<Rune Name="Entrance" TargetMap="Trammel" X="4721" Y="3822" Z="0" />
					<Rune Name="Level 1" TargetMap="Trammel" X="5905" Y="20" Z="46" />
					<Rune Name="Level 2" TargetMap="Trammel" X="5976" Y="169" Z="0" />
					<Rune Name="Level 3" TargetMap="Trammel" X="6083" Y="145" Z="-20" />
					<Rune Name="Level 4" TargetMap="Trammel" X="6059" Y="89" Z="24" />
				</Runebook>
				<Runebook Name="Shame">
					<Rune Name="Entrance" TargetMap="Trammel" X="514" Y="1561" Z="0" />
					<Rune Name="Level 1" TargetMap="Trammel" X="5395" Y="126" Z="0" />
					<Rune Name="Level 2" TargetMap="Trammel" X="5515" Y="11" Z="5" />
					<Rune Name="Level 3" TargetMap="Trammel" X="5514" Y="148" Z="25" />
					<Rune Name="Level 4" TargetMap="Trammel" X="5875" Y="20" Z="-5" />
				</Runebook>
				<Runebook Name="Wrong">
					<Rune Name="Entrance" TargetMap="Trammel" X="2043" Y="238" Z="10" />
					<Rune Name="Level 1" TargetMap="Trammel" X="5825" Y="630" Z="0" />
					<Rune Name="Level 2" TargetMap="Trammel" X="5690" Y="569" Z="25" />
					<Rune Name="Level 3" TargetMap="Trammel" X="5703" Y="639" Z="0" />
				</Runebook>
				<Runebook Name="Miscellaneous">
					<Rune Name="Hyloth Fire Pit" TargetMap="Trammel" X="4596" Y="3630" Z="30" />
					<Rune Name="Yew-Britain Brigand Camp" TargetMap="Trammel" X="885" Y="1682" Z="0" />
					<Rune Name="Yew Fort of the Damned" TargetMap="Trammel" X="972" Y="768" Z="0" />
					<Rune Name="Putrifier" TargetMap="Trammel" X="6281" Y="622" Z="-50" />
					<Rune Name="Cugals Isle" TargetMap="Trammel" X="6406" Y="1245" Z="10" />
					<Rune Name="Empty Ocean" TargetMap="Trammel" X="7018" Y="1459" Z="0" />
					<Rune Name="4 Areanas" TargetMap="Trammel" X="6821" Y="737" Z="0" />
					<Rune Name="Empty Maze Tunnels" TargetMap="Trammel" X="5530" Y="502" Z="0" />
				</Runebook>
				<Runebook Name="Terathan Keep">
					<Rune Name="Entrance" TargetMap="Trammel" X="5451" Y="3143" Z="-60" />
					<Rune Name="Level 1" TargetMap="Trammel" X="5342" Y="1601" Z="0" />
					<Rune Name="Champion Room" TargetMap="Trammel" X="5205" Y="1585" Z="0" />
					<Rune Name="Starroom" TargetMap="Trammel" X="5139" Y="1767" Z="0" />
				</Runebook>
				<Runebook Name="Fire">
					<Rune Name="Entrance" TargetMap="Trammel" X="5760" Y="2908" Z="15" />
					<Rune Name="Brit Entrance" TargetMap="Trammel" X="2923" Y="3407" Z="8" />
					<Rune Name="Level 1" TargetMap="Trammel" X="5790" Y="1416" Z="40" />
					<Rune Name="Level 2" TargetMap="Trammel" X="5702" Y="1316" Z="1" />
				</Runebook>
				<Runebook Name="Ice">
					<Rune Name="Entrance" TargetMap="Trammel" X="5210" Y="2322" Z="30" />
					<Rune Name="Brit Entrance" TargetMap="Trammel" X="1999" Y="81" Z="4" />
					<Rune Name="Level 1" TargetMap="Trammel" X="5875" Y="150" Z="15" />
					<Rune Name="Ratman Room" TargetMap="Trammel" X="5834" Y="327" Z="18" />
					<Rune Name="Ice Demon Lair" TargetMap="Trammel" X="5700" Y="305" Z="0" />
				</Runebook>
				<Runebook Name="Orc Cave">
					<Rune Name="Entrance" TargetMap="Trammel" X="1019" Y="1431" Z="0" />
					<Rune Name="Level 1" TargetMap="Trammel" X="5137" Y="2014" Z="0" />
					<Rune Name="Level 2" TargetMap="Trammel" X="5332" Y="1376" Z="0" />
					<Rune Name="Level 3" TargetMap="Trammel" X="5272" Y="2036" Z="0" />
				</Runebook>
				<Runebook Name="Painted Caves">
					<Rune Name="Entrance" TargetMap="Trammel" X="1716" Y="2993" Z="0" />
				</Runebook>
				<Runebook Name="Palace of Paroxysmus">
					<Rune Name="Entrance" TargetMap="Trammel" X="5576" Y="3018" Z="25" />
				</Runebook>
				<Runebook Name="Prism of Light">
					<Rune Name="Entrance" TargetMap="Trammel" X="3784" Y="1097" Z="14" />
				</Runebook>
				<Runebook Name="Sanctuary">
					<Rune Name="Entrance" TargetMap="Trammel" X="764" Y="1646" Z="0" />
				</Runebook>
				<Runebook Name="Solen Hives">
					<Runebook Name="Area A">
						<Rune Name="Entrance" TargetMap="Trammel" X="729" Y="1451" Z="0" />
						<Rune Name="Level 1" TargetMap="Trammel" X="5658" Y="1795" Z="3" />
						<Rune Name="Level 2" TargetMap="Trammel" X="5726" Y="1891" Z="1" />
					</Runebook>
					<Runebook Name="Area B">
						<Rune Name="Entrance" TargetMap="Trammel" X="2607" Y="763" Z="0" />
						<Rune Name="Level 1" TargetMap="Trammel" X="5921" Y="1797" Z="1" />
						<Rune Name="Level 2" TargetMap="Trammel" X="5875" Y="1866" Z="2" />
					</Runebook>
					<Runebook Name="Area C">
						<Rune Name="Entrance" TargetMap="Trammel" X="1689" Y="2789" Z="0" />
						<Rune Name="Level 1" TargetMap="Trammel" X="5659" Y="2022" Z="0" />
						<Rune Name="Level 2" TargetMap="Trammel" X="5708" Y="1955" Z="0" />
					</Runebook>
					<Runebook Name="Area D">
						<Rune Name="Entrance" TargetMap="Trammel" X="1723" Y="814" Z="0" />
						<Rune Name="Level 1" TargetMap="Trammel" X="5916" Y="2019" Z="3" />
						<Rune Name="Level 2" TargetMap="Trammel" X="5813" Y="2012" Z="-1" />
					</Runebook>
					<Runebook Name="Area E">
						<Rune Name="Entrance" TargetMap="Trammel" X="5732" Y="1858" Z="0" />
					</Runebook>
					<Rune Name="Central Area" TargetMap="Trammel" X="5774" Y="1896" Z="20" />
				</Runebook>
				<Rune Name="New Haven Mine" TargetMap="Trammel" X="5914" Y="355" Z="0" />
			</Runebook>
			<Runebook Name="Internal">
				<Runebook Name="Jail Cells">
					<Rune Name="Cell 1" TargetMap="Trammel" X="5276" Y="1164" Z="0" />
					<Rune Name="Cell 2" TargetMap="Trammel" X="5286" Y="1164" Z="0" />
					<Rune Name="Cell 3" TargetMap="Trammel" X="5296" Y="1164" Z="0" />
					<Rune Name="Cell 4" TargetMap="Trammel" X="5306" Y="1164" Z="0" />
					<Rune Name="Cell 5" TargetMap="Trammel" X="5276" Y="1174" Z="0" />
					<Rune Name="Cell 6" TargetMap="Trammel" X="5286" Y="1174" Z="0" />
					<Rune Name="Cell 7" TargetMap="Trammel" X="5286" Y="1174" Z="0" />
					<Rune Name="Cell 8" TargetMap="Trammel" X="5306" Y="1174" Z="0" />
					<Rune Name="Cell 9" TargetMap="Trammel" X="5283" Y="1184" Z="0" />
					<Rune Name="Cell 10" TargetMap="Trammel" X="5304" Y="1184" Z="0" />
				</Runebook>
				<Rune Name="Green Acres" TargetMap="Trammel" X="5445" Y="1153" Z="0" />
				<Rune Name="Unknown" TargetMap="Trammel" X="5693" Y="643" Z="0" />
				<Rune Name="4 Corners" TargetMap="Trammel" X="5951" Y="446" Z="22" />
			</Runebook>
			<Runebook Name="Shrines">
				<Rune Name="Chaos" TargetMap="Trammel" X="1456" Y="854" Z="0" />
				<Rune Name="Compassion" TargetMap="Trammel" X="1856" Y="872" Z="-1" />
				<Rune Name="Honesty" TargetMap="Trammel" X="4217" Y="564" Z="36" />
				<Rune Name="Honor" TargetMap="Trammel" X="1730" Y="3528" Z="3" />
				<Rune Name="Humility" TargetMap="Trammel" X="4276" Y="3699" Z="0" />
				<Rune Name="Justice" TargetMap="Trammel" X="1301" Y="639" Z="16" />
				<Rune Name="Sacrifice" TargetMap="Trammel" X="3355" Y="299" Z="9" />
				<Rune Name="Spirituality" TargetMap="Trammel" X="1589" Y="2485" Z="5" />
				<Rune Name="Valor" TargetMap="Trammel" X="2496" Y="3932" Z="0" />
			</Runebook>
			<Runebook Name="Towns">
				<Runebook Name="Britain">
					<Rune Name="Blackthorn Castle" TargetMap="Trammel" X="1533" Y="1415" Z="56" />
					<Rune Name="Blackthorn Entrance" TargetMap="Trammel" X="1523" Y="1456" Z="15" />
					<Rune Name="British Castle" TargetMap="Trammel" X="1323" Y="1624" Z="55" />
					<Rune Name="British Entrance" TargetMap="Trammel" X="1401" Y="1625" Z="28" />
					<Rune Name="Cemetery" TargetMap="Trammel" X="1384" Y="1497" Z="10" />
					<Rune Name="Center" TargetMap="Trammel" X="1475" Y="1645" Z="20" />
					<Rune Name="Farmlands" TargetMap="Trammel" X="1228" Y="1705" Z="0" />
					<Rune Name="Park" TargetMap="Trammel" X="1614" Y="1641" Z="35" />
					<Rune Name="Suburbs" TargetMap="Trammel" X="1662" Y="1572" Z="5" />
				</Runebook>
				<Runebook Name="Buccaneers Den">
					<Rune Name="Bathhouse" TargetMap="Trammel" X="2667" Y="2084" Z="5" />
					<Rune Name="Docks" TargetMap="Trammel" X="2736" Y="2166" Z="0" />
					<Rune Name="Tunnels" TargetMap="Trammel" X="2667" Y="2069" Z="-20" />
				</Runebook>
				<Runebook Name="Cove">
					<Rune Name="Cemetery" TargetMap="Trammel" X="2443" Y="1123" Z="5" />
					<Rune Name="Gates" TargetMap="Trammel" X="2285" Y="1209" Z="0" />
					<Rune Name="Guard Post" TargetMap="Trammel" X="2218" Y="1116" Z="19" />
					<Rune Name="Orc Fort" TargetMap="Trammel" X="2171" Y="1332" Z="0" />
				</Runebook>
				<Runebook Name="Heartwood">
					<Rune Name="Entrance" TargetMap="Trammel" X="6986" Y="340" Z="0" />
				</Runebook>
				<Runebook Name="Jhelom">
					<Rune Name="Cemetery" TargetMap="Trammel" X="1296" Y="3719" Z="0" />
					<Rune Name="East Docks" TargetMap="Trammel" X="1492" Y="3696" Z="-3" />
					<Rune Name="Fighting Pit" TargetMap="Trammel" X="1398" Y="3742" Z="-21" />
					<Rune Name="Main Island" TargetMap="Trammel" X="1414" Y="3816" Z="0" />
					<Rune Name="Medium Island" TargetMap="Trammel" X="1124" Y="3623" Z="5" />
					<Rune Name="Small Island" TargetMap="Trammel" X="1466" Y="4015" Z="5" />
				</Runebook>
				<Runebook Name="Magincia">
					<Rune Name="Bank" TargetMap="Trammel" X="3730" Y="2161" Z="20" />
					<Rune Name="Docks" TargetMap="Trammel" X="3675" Y="2259" Z="20" />
					<Rune Name="Park" TargetMap="Trammel" X="3719" Y="2063" Z="25" />
					<Rune Name="Parliament" TargetMap="Trammel" X="3792" Y="2248" Z="20" />
				</Runebook>
				<Runebook Name="Minoc">
					<Rune Name="Bridge" TargetMap="Trammel" X="2539" Y="501" Z="30" />
					<Rune Name="Gypsy Camp" TargetMap="Trammel" X="2540" Y="651" Z="0" />
					<Rune Name="Mining Camp" TargetMap="Trammel" X="2583" Y="528" Z="15" />
					<Rune Name="North" TargetMap="Trammel" X="2475" Y="417" Z="15" />
					<Rune Name="South" TargetMap="Trammel" X="2526" Y="583" Z="0" />
				</Runebook>
				<Runebook Name="Moonglow">
					<Rune Name="Cemetery" TargetMap="Trammel" X="4546" Y="1338" Z="8" />
					<Rune Name="Center" TargetMap="Trammel" X="4442" Y="1122" Z="5" />
					<Rune Name="Docks" TargetMap="Trammel" X="4406" Y="1045" Z="-2" />
					<Rune Name="Telescope" TargetMap="Trammel" X="4707" Y="1124" Z="0" />
					<Rune Name="Zoo" TargetMap="Trammel" X="4549" Y="1378" Z="8" />
				</Runebook>
				<Runebook Name="Nujel'm">
					<Rune Name="Cemetery" TargetMap="Trammel" X="3536" Y="1156" Z="20" />
					<Rune Name="Chess Board" TargetMap="Trammel" X="3728" Y="1360" Z="5" />
					<Rune Name="Docks" TargetMap="Trammel" X="3803" Y="1279" Z="5" />
					<Rune Name="East" TargetMap="Trammel" X="3755" Y="1227" Z="0" />
					<Rune Name="North" TargetMap="Trammel" X="3668" Y="1116" Z="0" />
					<Rune Name="Palace" TargetMap="Trammel" X="3698" Y="1279" Z="20" />
					<Rune Name="West" TargetMap="Trammel" X="3572" Y="1211" Z="0" />
				</Runebook>
				<Runebook Name="Haven">
					<Rune Name="Old Haven" TargetMap="Trammel" X="3650" Y="2592" Z="0" />
					<Rune Name="Old Haven North" TargetMap="Trammel" X="3650" Y="2516" Z="0" />
					<Rune Name="New Haven" TargetMap="Trammel" X="3506" Y="2570" Z="14" />
					<Rune Name="New Haven North" TargetMap="Trammel" X="3502" Y="2475" Z="34" />
					<Rune Name="Farmlands" TargetMap="Trammel" X="3722" Y="2647" Z="20" />
				</Runebook>
				<Runebook Name="Serpents Hold">
					<Rune Name="North" TargetMap="Trammel" X="3023" Y="3417" Z="15" />
					<Rune Name="South" TargetMap="Trammel" X="2906" Y="3505" Z="10" />
					<Rune Name="Guard Post" TargetMap="Trammel" X="3011" Y="3526" Z="15" />
				</Runebook>
				<Runebook Name="Skara Brae">
					<Rune Name="East" TargetMap="Trammel" X="811" Y="2243" Z="0" />
					<Rune Name="East Docks" TargetMap="Trammel" X="716" Y="2233" Z="-3" />
					<Rune Name="North" TargetMap="Trammel" X="746" Y="2165" Z="0" />
					<Rune Name="South" TargetMap="Trammel" X="899" Y="2381" Z="0" />
					<Rune Name="West" TargetMap="Trammel" X="601" Y="2171" Z="0" />
					<Rune Name="West Docks" TargetMap="Trammel" X="639" Y="2236" Z="-3" />
				</Runebook>
				<Runebook Name="Trinsic">
					<Rune Name="Center" TargetMap="Trammel" X="1927" Y="2779" Z="0" />
					<Rune Name="East Docks" TargetMap="Trammel" X="2071" Y="2855" Z="-3" />
					<Rune Name="Island Park" TargetMap="Trammel" X="2108" Y="2793" Z="2" />
					<Rune Name="North" TargetMap="Trammel" X="1894" Y="2666" Z="0" />
					<Rune Name="South" TargetMap="Trammel" X="1891" Y="2850" Z="20" />
					<Rune Name="South Gate" TargetMap="Trammel" X="2000" Y="2930" Z="0" />
					<Rune Name="West Gate" TargetMap="Trammel" X="1832" Y="2779" Z="0" />
				</Runebook>
				<Runebook Name="Vesper">
					<Rune Name="Cemetery" TargetMap="Trammel" X="2786" Y="867" Z="0" />
					<Rune Name="Center" TargetMap="Trammel" X="2882" Y="788" Z="0" />
					<Rune Name="Docks" TargetMap="Trammel" X="3013" Y="828" Z="-3" />
					<Rune Name="East" TargetMap="Trammel" X="2760" Y="981" Z="0" />
					<Rune Name="North" TargetMap="Trammel" X="2907" Y="603" Z="0" />
				</Runebook>
				<Runebook Name="Wind">
					<Rune Name="Caves" TargetMap="Trammel" X="5166" Y="244" Z="15" />
					<Rune Name="East" TargetMap="Trammel" X="5336" Y="88" Z="15" />
					<Rune Name="Entrance" TargetMap="Trammel" X="1362" Y="896" Z="0" />
					<Rune Name="Park" TargetMap="Trammel" X="5211" Y="22" Z="15" />
					<Rune Name="South" TargetMap="Trammel" X="5223" Y="189" Z="5" />
					<Rune Name="West" TargetMap="Trammel" X="5180" Y="90" Z="25" />
				</Runebook>
				<Runebook Name="Yew">
					<Rune Name="Cemetery" TargetMap="Trammel" X="724" Y="1138" Z="0" />
					<Rune Name="Center" TargetMap="Trammel" X="535" Y="992" Z="0" />
					<Rune Name="Courts and Prisons" TargetMap="Trammel" X="354" Y="836" Z="20" />
					<Rune Name="Empath Abbey" TargetMap="Trammel" X="635" Y="860" Z="0" />
					<Rune Name="Hidden Cave" TargetMap="Trammel" X="313" Y="787" Z="-24" />
					<Rune Name="Orc Fort" TargetMap="Trammel" X="633" Y="1499" Z="0" />
				</Runebook>
				<Runebook Name="Delucia">
					<Rune Name="Watch Tower" TargetMap="Trammel" X="5276" Y="3945" Z="37" />
					<Rune Name="Center" TargetMap="Trammel" X="5228" Y="3978" Z="37" />
					<Rune Name="Orc Fort" TargetMap="Trammel" X="5210" Y="3636" Z="3" />
				</Runebook>
				<Runebook Name="Papua">
					<Rune Name="The Just Inn" TargetMap="Trammel" X="5769" Y="3176" Z="0" />
					<Rune Name="Center" TargetMap="Trammel" X="5730" Y="3208" Z="-4" />
					<Rune Name="Docks" TargetMap="Trammel" X="5825" Y="3256" Z="2" />
				</Runebook>
			</Runebook>
		</Runebook>
		<Runebook Name="Ilshenar">
			<Runebook Name="Cities">
				<Runebook Name="Ancient Citadel">
					<Rune Name="Entrance" TargetMap="Ilshenar" X="1518" Y="568" Z="-14" />
				</Runebook>
				<Runebook Name="Gargoyle City">
					<Rune Name="Bank" TargetMap="Ilshenar" X="852" Y="602" Z="-40" />
					<Rune Name="Central Area" TargetMap="Ilshenar" X="836" Y="641" Z="-20" />
				</Runebook>
				<Runebook Name="Lakeshire">
					<Rune Name="Central Area" TargetMap="Ilshenar" X="1203" Y="1124" Z="-25" />
				</Runebook>
				<Runebook Name="Mistas">
					<Rune Name="Central Area" TargetMap="Ilshenar" X="820" Y="1073" Z="-30" />
				</Runebook>
				<Runebook Name="Montor">
					<Rune Name="Central Area" TargetMap="Ilshenar" X="1643" Y="310" Z="48" />
				</Runebook>
				<Runebook Name="Req Volon">
					<Rune Name="Central Area" TargetMap="Ilshenar" X="1362" Y="1073" Z="-13" />
				</Runebook>
				<Runebook Name="Savage Camp">
					<Rune Name="Central Area" TargetMap="Ilshenar" X="1251" Y="743" Z="-80" />
				</Runebook>
				<Runebook Name="Terort Skitas">
					<Rune Name="Entrance" TargetMap="Ilshenar" X="567" Y="437" Z="21" />
				</Runebook>
			</Runebook>
			<Runebook Name="Dungeons">
				<Runebook Name="Ankh">
					<Rune Name="Entrance" TargetMap="Ilshenar" X="576" Y="1150" Z="-100" />
					<Rune Name="Level 1" TargetMap="Ilshenar" X="155" Y="1482" Z="-28" />
					<Rune Name="Kirin passage" TargetMap="Ilshenar" X="11" Y="874" Z="-28" />
					<Rune Name="Serpentine Passage" TargetMap="Ilshenar" X="396" Y="1578" Z="-28" />
				</Runebook>
				<Runebook Name="Blood">
					<Rune Name="Entrance" TargetMap="Ilshenar" X="1747" Y="1228" Z="-1" />
					<Rune Name="Level 1" TargetMap="Ilshenar" X="2114" Y="834" Z="-28" />
				</Runebook>
				<Runebook Name="Exodus">
					<Rune Name="Entrance" TargetMap="Ilshenar" X="835" Y="777" Z="-80" />
					<Rune Name="Level 1" TargetMap="Ilshenar" X="1974" Y="115" Z="-28" />
				</Runebook>
				<Runebook Name="Rock">
					<Rune Name="Entrance" TargetMap="Ilshenar" X="1788" Y="573" Z="70" />
					<Rune Name="Level 1" TargetMap="Ilshenar" X="2188" Y="318" Z="-7" />
					<Rune Name="Level 2" TargetMap="Ilshenar" X="2188" Y="28" Z="-27" />
				</Runebook>
				<Runebook Name="Sorcerers">
					<Rune Name="Entrance" TargetMap="Ilshenar" X="548" Y="462" Z="-53" />
					<Rune Name="Level 1" TargetMap="Ilshenar" X="428" Y="109" Z="-28" />
					<Rune Name="Level 2" TargetMap="Ilshenar" X="240" Y="23" Z="-18" />
					<Rune Name="Level 3" TargetMap="Ilshenar" X="272" Y="136" Z="-28" />
					<Rune Name="Level 4" TargetMap="Ilshenar" X="132" Y="124" Z="-28" />
					<Rune Name="Level 5" TargetMap="Ilshenar" X="236" Y="121" Z="-28" />
				</Runebook>
				<Runebook Name="Spectre">
					<Rune Name="Entrance" TargetMap="Ilshenar" X="1363" Y="1033" Z="-8" />
					<Rune Name="Level 1" TargetMap="Ilshenar" X="1982" Y="1103" Z="-28" />
				</Runebook>
				<Runebook Name="Wisp">
					<Rune Name="Entrance" TargetMap="Ilshenar" X="651" Y="1302" Z="-58" />
					<Rune Name="Level 1" TargetMap="Ilshenar" X="627" Y="1525" Z="-28" />
					<Rune Name="Level 2" TargetMap="Ilshenar" X="718" Y="1492" Z="-28" />
					<Rune Name="Level 3" TargetMap="Ilshenar" X="832" Y="1551" Z="-28" />
					<Rune Name="Level 4" TargetMap="Ilshenar" X="960" Y="1428" Z="-28" />
					<Rune Name="Level 5" TargetMap="Ilshenar" X="942" Y="1465" Z="-33" />
					<Rune Name="Level 6" TargetMap="Ilshenar" X="866" Y="1434" Z="-28" />
					<Rune Name="Level 7" TargetMap="Ilshenar" X="807" Y="1548" Z="-28" />
					<Rune Name="Level 8" TargetMap="Ilshenar" X="754" Y="1479" Z="-28" />
				</Runebook>
			</Runebook>
			<Runebook Name="Caves">
				<Runebook Name="Ancient Lair">
					<Rune Name="Entrance" TargetMap="Ilshenar" X="940" Y="504" Z="-30" />
					<Rune Name="Level 1" TargetMap="Ilshenar" X="85" Y="746" Z="-28" />
				</Runebook>
				<Runebook Name="Lizard Passage">
					<Rune Name="Entrance" TargetMap="Ilshenar" X="314" Y="1334" Z="-36" />
					<Rune Name="Level 1" TargetMap="Ilshenar" X="329" Y="1589" Z="-18" />
					<Rune Name="Level 2" TargetMap="Ilshenar" X="227" Y="1337" Z="-18" />
				</Runebook>
				<Runebook Name="Mushroom Cave">
					<Rune Name="Entrance" TargetMap="Ilshenar" X="1459" Y="1329" Z="-24" />
				</Runebook>
				<Runebook Name="Rat Cave">
					<Rune Name="Entrance" TargetMap="Ilshenar" X="1034" Y="1153" Z="-23" />
					<Rune Name="Level 1" TargetMap="Ilshenar" X="1348" Y="1510" Z="-3" />
					<Rune Name="Level 2" TargetMap="Ilshenar" X="1247" Y="1511" Z="-28" />
				</Runebook>
				<Runebook Name="Spider Cave">
					<Rune Name="Entrance" TargetMap="Ilshenar" X="1421" Y="913" Z="-19" />
					<Rune Name="Level 1" TargetMap="Ilshenar" X="1786" Y="991" Z="-28" />
					<Rune Name="Level 2" TargetMap="Ilshenar" X="1517" Y="877" Z="10" />
					<Rune Name="Ethereal Keep" TargetMap="Ilshenar" X="1365" Y="1102" Z="-26" />
				</Runebook>
			</Runebook>
			<Runebook Name="Shrines">
				<Rune Name="Compassion" TargetMap="Ilshenar" X="1217" Y="469" Z="-13" />
				<Rune Name="Honesty" TargetMap="Ilshenar" X="720" Y="1356" Z="-60" />
				<Rune Name="Honor" TargetMap="Ilshenar" X="748" Y="728" Z="-29" />
				<Rune Name="Humility" TargetMap="Ilshenar" X="287" Y="1016" Z="0" />
				<Rune Name="Justice" TargetMap="Ilshenar" X="987" Y="1007" Z="-35" />
				<Rune Name="Sacrifice" TargetMap="Ilshenar" X="1175" Y="1287" Z="-30" />
				<Rune Name="Spirituality" TargetMap="Ilshenar" X="1532" Y="1341" Z="-3" />
				<Rune Name="Valor" TargetMap="Ilshenar" X="527" Y="218" Z="-44" />
			</Runebook>
		</Runebook>
		<Runebook Name="Malas">
			<Runebook Name="Towns">
				<Runebook Name="Luna">
					<Rune Name="Luna Moongate" TargetMap="Malas" X="1015" Y="527" Z="-65" />
					<Rune Name="Luna Bank" TargetMap="Malas" X="991" Y="519" Z="-50" />
					<Rune Name="Clothier's Colors" TargetMap="Malas" X="976" Y="527" Z="-50" />
					<Rune Name="Grand Arena" TargetMap="Malas" X="961" Y="638" Z="-90" />
					<Rune Name="Hardwoods and More" TargetMap="Malas" X="1002" Y="512" Z="-50" />
					<Rune Name="Paladin's Stopover" TargetMap="Malas" X="1005" Y="519" Z="-30" />
					<Rune Name="Proud Bridle" TargetMap="Malas" X="1023" Y="503" Z="-70" />
					<Rune Name="Open Market" TargetMap="Malas" X="992" Y="512" Z="-50" />
					<Rune Name="Sage's Refuge" TargetMap="Malas" X="1002" Y="527" Z="-50" />
					<Rune Name="Shining Blades" TargetMap="Malas" X="976" Y="512" Z="-50" />
					<Rune Name="Shrine of Wisdom" TargetMap="Malas" X="976" Y="510" Z="-30" />
					<Rune Name="Vault of Secrets" TargetMap="Malas" X="1072" Y="457" Z="-90" />
				</Runebook>
				<Runebook Name="Umbra">
					<Rune Name="Umbra Moongate" TargetMap="Malas" X="1998" Y="1387" Z="-85" />
					<Rune Name="Umbra Bridge" TargetMap="Malas" X="1941" Y="1321" Z="-88" />
					<Rune Name="Armoury of Souls" TargetMap="Malas" X="1984" Y="1367" Z="-80" />
					<Rune Name="Bloodletter's Guild" TargetMap="Malas" X="2084" Y="1372" Z="-75" />
					<Rune Name="Critter Pens" TargetMap="Malas" X="1992" Y="1326" Z="-90" />
					<Rune Name="Darkweave" TargetMap="Malas" X="2079" Y="1338" Z="-81" />
					<Rune Name="Ghast Refectory" TargetMap="Malas" X="2017" Y="1354" Z="-90" />
					<Rune Name="Gravedigger's Apparatus" TargetMap="Malas" X="2016" Y="1328" Z="-80" />
					<Rune Name="Lich's Hoard" TargetMap="Malas" X="2051" Y="1398" Z="-90" />
					<Rune Name="Necromancer Ampitheater" TargetMap="Malas" X="2024" Y="1383" Z="-80" />
					<Rune Name="Skeleton Swill" TargetMap="Malas" X="2030" Y="1350" Z="-90" />
					<Rune Name="Wailing Banshee Inn" TargetMap="Malas" X="2039" Y="1317" Z="-84" />
					<Rune Name="Warped Woodworks" TargetMap="Malas" X="2066" Y="1288" Z="-80" />
				</Runebook>
			</Runebook>
			<Runebook Name="Dungeons">
				<Runebook Name="Doom">
					<Rune Name="Entrance" TargetMap="Malas" X="2367" Y="1268" Z="-85" />
					<Rune Name="Tunnel" TargetMap="Malas" X="2352" Y="1267" Z="-110" />
					<Rune Name="Inside" TargetMap="Malas" X="381" Y="133" Z="33" />
					<Rune Name="Gauntlet" TargetMap="Malas" X="433" Y="331" Z="-2" />
					<Rune Name="Guardian's Room" TargetMap="Malas" X="365" Y="15" Z="-1" />
					<Rune Name="Lamp Room" TargetMap="Malas" X="470" Y="95" Z="-1" />
				</Runebook>
				<Runebook Name="Labyrinth">
					<Rune Name="Labyrinth Enterance" TargetMap="Malas" X="1732" Y="975" Z="-75" />
				</Runebook>
			</Runebook>
			<Runebook Name="Sites">
				<Runebook Name="Points of Interest">
					<Rune Name="Broken Mountains" TargetMap="Malas" X="1111" Y="1461" Z="-90" />
					<Rune Name="Corrupted Forest" TargetMap="Malas" X="2172" Y="1144" Z="-87" />
					<Rune Name="Crumbling Continent" TargetMap="Malas" X="736" Y="1180" Z="-95" />
					<Rune Name="Crystal Fens" TargetMap="Malas" X="1388" Y="616" Z="-85" />
					<Rune Name="Divide of the Abyss" TargetMap="Malas" X="1545" Y="877" Z="-85" />
					<Rune Name="Dry Highlands" TargetMap="Malas" X="2128" Y="1668" Z="-90" />
					<Rune Name="Forgotten Pyramid" TargetMap="Malas" X="1825" Y="1799" Z="-50" />
					<Rune Name="Gravewater Lake" TargetMap="Malas" X="1596" Y="1656" Z="-115" />
					<Rune Name="Grimswind Ruins" TargetMap="Malas" X="2192" Y="330" Z="-90" />
					<Rune Name="Northern Crags" TargetMap="Malas" X="1580" Y="384" Z="-50" />
					<Rune Name="Orc Fortress" TargetMap="Malas" X="1340" Y="1226" Z="-90" />
					<Rune Name="Hanse's Hostel" TargetMap="Malas" X="1065" Y="1435" Z="-90" />
				</Runebook>
				<Runebook Name="Caves and Mines">
					<Rune Name="Mine 1" TargetMap="Malas" X="2082" Y="574" Z="-90" />
					<Rune Name="Mine 2" TargetMap="Malas" X="2157" Y="456" Z="-90" />
					<Rune Name="Mine 3" TargetMap="Malas" X="1811" Y="359" Z="-90" />
					<Rune Name="Mine 4" TargetMap="Malas" X="1790" Y="475" Z="-90" />
					<Rune Name="Mine 5" TargetMap="Malas" X="1628" Y="432" Z="-86" />
					<Rune Name="Mine 6" TargetMap="Malas" X="1658" Y="304" Z="-90" />
					<Rune Name="Mine 7" TargetMap="Malas" X="1071" Y="247" Z="-90" />
					<Rune Name="Mine 8" TargetMap="Malas" X="1095" Y="197" Z="-90" />
					<Rune Name="Mine 9" TargetMap="Malas" X="1195" Y="511" Z="-90" />
				</Runebook>
				<Runebook Name="Orc Forts">
					<Rune Name="Fort 1" TargetMap="Malas" X="912" Y="193" Z="-79" />
					<Rune Name="Fort 2" TargetMap="Malas" X="1666" Y="362" Z="-50" />
					<Rune Name="Fort 3" TargetMap="Malas" X="1364" Y="599" Z="-86" />
					<Rune Name="Fort 4" TargetMap="Malas" X="1205" Y="705" Z="-88" />
					<Rune Name="Fort 5" TargetMap="Malas" X="1257" Y="1331" Z="-90" />
					<Rune Name="Fort 6" TargetMap="Malas" X="1598" Y="1825" Z="-110" />
				</Runebook>
			</Runebook>
		</Runebook>
		<Runebook Name="Tokuno">
			<Runebook Name="Towns">
				<Runebook Name="Zento">
					<Rune Name="Zento Moongate" TargetMap="Tokuno" X="802" Y="1204" Z="25" />
					<Rune Name="Zento Bank" TargetMap="Tokuno" X="735" Y="1255" Z="30" />
				</Runebook>
			</Runebook>
			<Runebook Name="Dungeons">
				<Runebook Name="Fan Dancer's Dojo">
					<Rune Name="Entrance" TargetMap="Tokuno" X="977" Y="218" Z="23" />
				</Runebook>
				<Runebook Name="Yomotsu Mines">
					<Rune Name="Entrance" TargetMap="Tokuno" X="259" Y="785" Z="64" />
				</Runebook>
			</Runebook>
			<Runebook Name="Sites">
				<Runebook Name="Makoto-Jima">
					<Rune Name="Moongate" TargetMap="Tokuno" X="802" Y="1204" Z="25" />
					<Rune Name="Shrine" TargetMap="Tokuno" X="718" Y="1161" Z="25" />
					<Rune Name="The Waste" TargetMap="Tokuno" X="724" Y="943" Z="42" />
				</Runebook>
				<Runebook Name="Isamu-Jima">
					<Rune Name="Moongate" TargetMap="Tokuno" X="1169" Y="998" Z="41" />
					<Rune Name="Shrine" TargetMap="Tokuno" X="1047" Y="512" Z="15" />
					<Rune Name="Lotus Lakes" TargetMap="Tokuno" X="1066" Y="817" Z="20" />
					<Rune Name="Mount Sho" TargetMap="Tokuno" X="1159" Y="696" Z="70" />
					<Rune Name="Dragon Valley" TargetMap="Tokuno" X="948" Y="432" Z="8" />
					<Rune Name="Winter Spur" TargetMap="Tokuno" X="926" Y="162" Z="34" />
				</Runebook>
				<Runebook Name="Homare-Jima">
					<Rune Name="Moongate" TargetMap="Tokuno" X="270" Y="628" Z="15" />
					<Rune Name="Shrine" TargetMap="Tokuno" X="295" Y="712" Z="55" />
					<Rune Name="Field of Echoes" TargetMap="Tokuno" X="160" Y="654" Z="36" />
					<Rune Name="Crane Marsh" TargetMap="Tokuno" X="232" Y="1107" Z="10" />
					<Rune Name="Bushido Dojo" TargetMap="Tokuno" X="334" Y="407" Z="32" />
					<Rune Name="Kitsune Woods" TargetMap="Tokuno" X="523" Y="520" Z="32" />
				</Runebook>
			</Runebook>
		</Runebook>
		<Runebook Name="TerMur">
			<Runebook Name="Towns">
				<Runebook Name="Royal City">
					<Rune Name="Royal City Moongate" TargetMap="TerMur" X="855" Y="3526" Z="-43" />
				</Runebook>
				<Runebook Name="Holy City">
					<Rune Name="Holy City Moongate" TargetMap="TerMur" X="928" Y="3989" Z="-40" />
				</Runebook>
				<Runebook Name="Dugan">
					<Rune Name="Dugan" TargetMap="TerMur" X="1107" Y="1131" Z="-52" />
				</Runebook>
			</Runebook>
			<Runebook Name="Dungeons">
				<Runebook Name="Tomb of Kings">
					<Rune Name="Entrance" TargetMap="TerMur" X="997" Y="3843" Z="-41" />
					<Rune Name="Gate to Stygian Abyss" TargetMap="TerMur" X="38" Y="29" Z="0" />
				</Runebook>
				<Runebook Name="Stygian Abyss">
					<Rune Name="Exit to Tomb of Kings" TargetMap="TerMur" X="946" Y="71" Z="72" />
					<Rune Name="Exit to Underworld" TargetMap="TerMur" X="521" Y="921" Z="36" />
					<Rune Name="Abyssal Lair Entrance" TargetMap="TerMur" X="985" Y="366" Z="-11" />
					<Rune Name="Cavern of the Discarded" TargetMap="TerMur" X="912" Y="501" Z="-12" />
					<Rune Name="Clan Scratch" TargetMap="TerMur" X="959" Y="548" Z="-14" />
					<Rune Name="Crimson Veins" TargetMap="TerMur" X="974" Y="164" Z="-11" />
					<Rune Name="Enslaved Goblins" TargetMap="TerMur" X="581" Y="815" Z="-45" />
					<Rune Name="Fairy Dragon Lair" TargetMap="TerMur" X="888" Y="277" Z="3" />
					<Rune Name="Fire Temple Ruins" TargetMap="TerMur" X="519" Y="765" Z="-92" />
					<Rune Name="Hydra" TargetMap="TerMur" X="793" Y="753" Z="53" />
					<Rune Name="Lands of the Lich" TargetMap="TerMur" X="538" Y="656" Z="8" />
					<Rune Name="Lava Caldera" TargetMap="TerMur" X="587" Y="895" Z="-73" />
					<Rune Name="Medusa's Lair" TargetMap="TerMur" X="818" Y="755" Z="50" />
					<Rune Name="Passage of Tears" TargetMap="TerMur" X="685" Y="579" Z="-15" />
					<Rune Name="Secret Garden" TargetMap="TerMur" X="462" Y="719" Z="22" />
					<Rune Name="Serpent Lair" TargetMap="TerMur" X="711" Y="720" Z="-11" />
					<Rune Name="Silver Sapling" TargetMap="TerMur" X="341" Y="619" Z="26" />
					<Rune Name="Stygian Dragon Lair Entrance" TargetMap="TerMur" X="851" Y="279" Z="-12" />
					<Rune Name="Sutek the Mage" TargetMap="TerMur" X="924" Y="595" Z="-14" />
				</Runebook>
				<Runebook Name="Underworld">
					<Rune Name="Entrance" TargetMap="TerMur" X="1128" Y="1211" Z="-2" />
				</Runebook>
				<Rune Name="Fountain of Fortune" TargetMap="TerMur" X="1123" Y="969" Z="-42" />
			</Runebook>
			<Runebook Name="Sites">
				<Runebook Name="Regions">
					<Rune Name="Atoll Bend" TargetMap="TerMur" X="1118" Y="3408" Z="-42" />
					<Rune Name="Chicken Chase" TargetMap="TerMur" X="560" Y="3412" Z="37" />
					<Rune Name="City Residential" TargetMap="TerMur" X="952" Y="3531" Z="-43" />
					<Rune Name="Coral Desert" TargetMap="TerMur" X="1047" Y="2980" Z="62" />
					<Rune Name="Fishermans Reach" TargetMap="TerMur" X="631" Y="3035" Z="36" />
					<Rune Name="Gated Isle" TargetMap="TerMur" X="703" Y="3934" Z="-31" />
					<Rune Name="High Plain" TargetMap="TerMur" X="863" Y="2931" Z="38" />
					<Rune Name="Holy City Island" TargetMap="TerMur" X="996" Y="3905" Z="-42" />
					<Rune Name="Kepetch Waste" TargetMap="TerMur" X="447" Y="3188" Z="20" />
					<Rune Name="Lava Lake" TargetMap="TerMur" X="407" Y="3010" Z="-24" />
					<Rune Name="Lavapit Pyramid" TargetMap="TerMur" X="740" Y="3691" Z="-43" />
					<Rune Name="Lost Settlement" TargetMap="TerMur" X="526" Y="3822" Z="-44" />
					<Rune Name="Northern Steppes" TargetMap="TerMur" X="822" Y="3063" Z="61" />
					<Rune Name="Raptor Island" TargetMap="TerMur" X="816" Y="3778" Z="-42" />
					<Rune Name="Royal Park" TargetMap="TerMur" X="711" Y="3255" Z="38" />
					<Rune Name="Shrine of Singularity" TargetMap="TerMur" X="995" Y="3814" Z="-23" />
					<Rune Name="Slith Valley" TargetMap="TerMur" X="1078" Y="3331" Z="-42" />
					<Rune Name="Spider Island" TargetMap="TerMur" X="1115" Y="3730" Z="-42" />
					<Rune Name="Spiders Guarde" TargetMap="TerMur" X="1109" Y="3606" Z="-45" />
					<Rune Name="Talon Point" TargetMap="TerMur" X="676" Y="3831" Z="-39" />
					<Rune Name="Treefellow Course" TargetMap="TerMur" X="570" Y="2936" Z="39" />
					<Rune Name="Void Isle" TargetMap="TerMur" X="440" Y="3577" Z="38" />
					<Rune Name="Walled Circus" TargetMap="TerMur" X="370" Y="3273" Z="0" />
					<Rune Name="Waterfall Point" TargetMap="TerMur" X="661" Y="2894" Z="39" />
				</Runebook>
			</Runebook>
		</Runebook>
		<Runebook Name="Champs">
			<Runebook Name="Ilshenar">
				<Rune Name="Lord Oaks" TargetMap="Ilshenar" X="1645" Y="1107" Z="-7" />
				<Rune Name="Humility" TargetMap="Ilshenar" X="462" Y="926" Z="-82" />
				<Rune Name="Valor" TargetMap="Ilshenar" X="382" Y="328" Z="-45" />
				<Rune Name="Twisted Weald" TargetMap="Ilshenar" X="2212" Y="1260" Z="10" />
			</Runebook>
			<Runebook Name="Dungeons">
				<Rune Name="Abyss (Fire)" TargetMap="Felucca" X="5814" Y="1350" Z="-13" />
				<Rune Name="Arachnid (Terathn Keep)" TargetMap="Felucca" X="5190" Y="1605" Z="5" />
				<Rune Name="Cold Blooded" TargetMap="Felucca" X="5259" Y="837" Z="46" />
				<Rune Name="UnHoly Terror" TargetMap="Felucca" X="5178" Y="708" Z="5" />
				<Rune Name="Vermin Horde" TargetMap="Felucca" X="5557" Y="824" Z="50" />
			</Runebook>
			<Runebook Name="Abyss Mini Champs">
				<Rune Name="Abyssal" TargetMap="TerMur" X="980" Y="330" Z="10" />
				<Rune Name="FairyDragons" TargetMap="TerMur" X="882" Y="280" Z="5" />
			</Runebook>
			<Runebook Name="Lost Lands">
				<Rune Name="Terra Sanctum" TargetMap="Felucca" X="6035" Y="2944" Z="37" />
				<Rune Name="Bog" TargetMap="Felucca" X="5954" Y="3475" Z="10" />
				<Rune Name="City of the Dead" TargetMap="Felucca" X="5207" Y="3637" Z="5" />
				<Rune Name="Damwin" TargetMap="Felucca" X="5281" Y="3368" Z="36" />
				<Rune Name="Desert" TargetMap="Felucca" X="5636" Y="2916" Z="22" />
				<Rune Name="Forest Lord" TargetMap="Felucca" X="5559" Y="3757" Z="6" />
				<Rune Name="Ice East" TargetMap="Felucca" X="6038" Y="2400" Z="31" />
				<Rune Name="Ice West" TargetMap="Felucca" X="5511" Y="2360" Z="25" />
				<Rune Name="Khaldun" TargetMap="Felucca" X="5982" Y="3882" Z="5" />
				<Rune Name="Marble" TargetMap="Felucca" X="5267" Y="3171" Z="89" />
				<Rune Name="Oasis" TargetMap="Felucca" X="5549" Y="2640" Z="0" />
				<Rune Name="Tortoise" TargetMap="Felucca" X="5724" Y="3991" Z="27" />
			</Runebook>
			<Runebook Name="Tokuno Isle">
				<Rune Name="Sleeping Dragon" TargetMap="Tokuno" X="948" Y="434" Z="14" />
			</Runebook>
			<Runebook Name="Malas">
				<Rune Name="Minotuar Spawn" TargetMap="Malas" X="383" Y="1930" Z="50" />
				<Rune Name="Pestilence Spawn" TargetMap="Malas" X="174" Y="1629" Z="-7" />
			</Runebook>
			<Runebook Name="Stygian Abyss">
				<Rune Name="Terror" TargetMap="Felucca" X="6995" Y="733" Z="61" />
				<Rune Name="Infuse" TargetMap="Felucca" X="7000" Y="1004" Z="-10" />
			</Runebook>
		</Runebook>
		<Runebook Name="Working On" />
	</RuneAccount>
</StaffRunebook>