<?xml version="1.0" encoding="utf-8" standalone="yes"?>
<accounts count="5">
	<account>
		<username>Jonathan</username>
		<newCryptPassword>30-20-80-09-FF-76-B5-5B-18-55-32-30-42-EA-76-86-AD-94-12-93</newCryptPassword>
		<accessLevel>Owner</accessLevel>
		<flags>2</flags>
		<created>2021-09-30T00:28:32.564794Z</created>
		<lastLogin>2021-11-05T03:06:04.5723079Z</lastLogin>
		<totalGameTime>P25DT11H39M29.2360159S</totalGameTime>
		<chars>
			<char index="0">117</char>
		</chars>
		<tags>
			<tag name="motd">false</tag>
			<tag name="Bonus Bank Slots[0x00000075]">50</tag>
		</tags>
		<addressList count="2">
			<ip>24.119.49.243</ip>
			<ip>65.132.166.166</ip>
		</addressList>
		<totalCurrency>6.0104000000000006E-05</totalCurrency>
		<sovereigns>0</sovereigns>
	</account>
	<account>
		<username>Jonathan2</username>
		<newCryptPassword>A0-9E-32-66-05-D5-92-CB-4D-F9-BD-80-6C-D6-75-A4-41-89-27-1B</newCryptPassword>
		<flags>2</flags>
		<created>2021-10-05T02:48:12.9328484Z</created>
		<lastLogin>2021-10-20T08:14:53.1566923Z</lastLogin>
		<totalGameTime>PT1H17M51.8633845S</totalGameTime>
		<chars>
			<char index="0">8179</char>
			<char index="1">6505</char>
			<char index="2">15051</char>
		</chars>
		<tags>
			<tag name="motd">false</tag>
		</tags>
		<addressList count="2">
			<ip>24.119.49.243</ip>
			<ip>65.132.166.166</ip>
		</addressList>
		<totalCurrency>0</totalCurrency>
		<sovereigns>0</sovereigns>
	</account>
	<account>
		<username>Jonathan3</username>
		<newCryptPassword>79-FC-50-39-A8-D9-0D-8F-77-DB-89-D9-1D-D9-F5-5E-3D-94-83-E0</newCryptPassword>
		<flags>2</flags>
		<created>2021-10-05T02:48:22.1673241Z</created>
		<lastLogin>2021-10-24T06:45:54.7733649Z</lastLogin>
		<totalGameTime>P1DT1H50M33.728039S</totalGameTime>
		<chars>
			<char index="0">8181</char>
		</chars>
		<tags>
			<tag name="motd">false</tag>
		</tags>
		<addressList count="2">
			<ip>24.119.49.243</ip>
			<ip>65.132.166.166</ip>
		</addressList>
		<totalCurrency>0</totalCurrency>
		<sovereigns>0</sovereigns>
	</account>
	<account>
		<username>Jonathan4</username>
		<newCryptPassword>CE-C7-5E-24-84-CB-F9-37-34-3A-79-E7-19-E8-C5-CB-D3-6B-1C-58</newCryptPassword>
		<created>2021-10-05T02:48:30.9955455Z</created>
		<lastLogin>2021-11-04T17:54:36.5585874Z</lastLogin>
		<totalGameTime>PT4M20.1393092S</totalGameTime>
		<chars>
			<char index="0">45542</char>
		</chars>
		<tags>
			<tag name="motd">false</tag>
		</tags>
		<addressList count="2">
			<ip>24.119.49.243</ip>
			<ip>65.132.166.166</ip>
		</addressList>
		<totalCurrency>0</totalCurrency>
		<sovereigns>0</sovereigns>
	</account>
	<account>
		<username>matthewsmith</username>
		<newCryptPassword>AA-B7-DB-FA-DA-D2-8A-DA-1B-F8-9B-77-26-BC-C7-FC-DA-1F-E2-B7</newCryptPassword>
		<created>2021-11-01T22:28:01.673459Z</created>
		<lastLogin>2021-11-01T22:28:16.2776315Z</lastLogin>
		<totalGameTime>PT3M2.3043651S</totalGameTime>
		<chars>
			<char index="0">6730</char>
		</chars>
		<tags>
			<tag name="motd">false</tag>
		</tags>
		<addressList count="1">
			<ip>81.151.93.138</ip>
		</addressList>
		<totalCurrency>6E-05</totalCurrency>
		<sovereigns>0</sovereigns>
	</account>
</accounts>